-- Inserindo Estoque
INSERT INTO ESTOQUE (CODIGO, QUANTIDADE) VALUES (1, 20);
INSERT INTO ESTOQUE (CODIGO, QUANTIDADE) VALUES (2, 30);
INSERT INTO ESTOQUE (CODIGO, QUANTIDADE) VALUES (3, 10);
INSERT INTO ESTOQUE (CODIGO, QUANTIDADE) VALUES (4, 15);
INSERT INTO ESTOQUE (CODIGO, QUANTIDADE) VALUES (5, 20);
INSERT INTO ESTOQUE (CODIGO, QUANTIDADE) VALUES (6, 8);
INSERT INTO ESTOQUE (CODIGO, QUANTIDADE) VALUES (7, 10);
INSERT INTO ESTOQUE (CODIGO, QUANTIDADE) VALUES (8, 15);
INSERT INTO ESTOQUE (CODIGO, QUANTIDADE) VALUES (9, 12);
INSERT INTO ESTOQUE (CODIGO, QUANTIDADE) VALUES (10, 10);
INSERT INTO ESTOQUE (CODIGO, QUANTIDADE) VALUES (11, 10);
INSERT INTO ESTOQUE (CODIGO, QUANTIDADE) VALUES (12, 15);

-- Inserindo Itens
INSERT INTO ITENS (CODIGO, DESCRICAO, VALOR, COD_ESTOQUE) VALUES (1, 'Batata', 1.50, 1);
INSERT INTO ITENS (CODIGO, DESCRICAO, VALOR, COD_ESTOQUE) VALUES (2, 'Linguiça Calabresa', 2.50, 2);
INSERT INTO ITENS (CODIGO, DESCRICAO, VALOR, COD_ESTOQUE) VALUES (3, 'Cebola', 0.80, 3);
INSERT INTO ITENS (CODIGO, DESCRICAO, VALOR, COD_ESTOQUE) VALUES (4, 'Limão', 0.30, 4);
INSERT INTO ITENS (CODIGO, DESCRICAO, VALOR, COD_ESTOQUE) VALUES (5, 'Couve', 0.10, 5);
INSERT INTO ITENS (CODIGO, DESCRICAO, VALOR, COD_ESTOQUE) VALUES (6, 'Abacaxi', 1.50, 6);

-- Inserindo Opções
INSERT INTO OPCOES (CODIGO, DESCRICAO, PCT_LUCRO, TIPO) VALUES (1, 'Porção de batatas fritas', 0.10, 'C');
INSERT INTO OPCOES (CODIGO, DESCRICAO, PCT_LUCRO, TIPO) VALUES (2, 'Porção de calabresa acebolada', 0.20, 'C');
INSERT INTO OPCOES (CODIGO, DESCRICAO, PCT_LUCRO, TIPO) VALUES (3, 'Suco verde', 0.00, 'B');
INSERT INTO OPCOES (CODIGO, DESCRICAO, PCT_LUCRO, TIPO) VALUES (4, 'Vinho Malbec', 0.10, 'P');
INSERT INTO OPCOES (CODIGO, DESCRICAO, PCT_LUCRO, TIPO) VALUES (5, 'Vinho Salton', 0.10, 'P');
INSERT INTO OPCOES (CODIGO, DESCRICAO, PCT_LUCRO, TIPO) VALUES (6, 'Vinho Piagentini', 0.10, 'P');
INSERT INTO OPCOES (CODIGO, DESCRICAO, PCT_LUCRO, TIPO) VALUES (7, 'Água Mineral Lindoya 500ml', 0.00, 'P');
INSERT INTO OPCOES (CODIGO, DESCRICAO, PCT_LUCRO, TIPO) VALUES (8, 'Coca-cola Lata', 0.10, 'P');
INSERT INTO OPCOES (CODIGO, DESCRICAO, PCT_LUCRO, TIPO) VALUES (9, 'Guarana Antarctica', 0.10, 'P');

-- Inserindo Bebidas Prontas
INSERT INTO BEBIDAS_PRONTAS (CODIGO, VALOR, COD_ESTOQUE) VALUES (4, 45.00, 7); -- 'Vinho Malbec'
INSERT INTO BEBIDAS_PRONTAS (CODIGO, VALOR, COD_ESTOQUE) VALUES (5, 23.00, 8); -- 'Vinho Salton'
INSERT INTO BEBIDAS_PRONTAS (CODIGO, VALOR, COD_ESTOQUE) VALUES (6, 30.00, 9); -- 'Vinho Piagentini'
INSERT INTO BEBIDAS_PRONTAS (CODIGO, VALOR, COD_ESTOQUE) VALUES (7, 2.50, 10); -- 'Água Mineral Lindoya 500ml'
INSERT INTO BEBIDAS_PRONTAS (CODIGO, VALOR, COD_ESTOQUE) VALUES (8, 2.80, 11); -- 'Coca-cola Lata'
INSERT INTO BEBIDAS_PRONTAS (CODIGO, VALOR, COD_ESTOQUE) VALUES (9, 2.60, 12); -- 'Guaraná Antarctica'

-- Inserindo Vinhos
INSERT INTO VINHOS (CODIGO, SAFRA, TIPO_UVA) VALUES (4, 1960, 'Tannat');
INSERT INTO VINHOS (CODIGO, SAFRA, TIPO_UVA) VALUES (5, 2000, 'Prosecco');
INSERT INTO VINHOS (CODIGO, SAFRA, TIPO_UVA) VALUES (6, 1990, 'Merlot');

-- Inserindo Comidas
INSERT INTO COMIDAS (CODIGO) VALUES (1);
INSERT INTO COMIDAS (CODIGO) VALUES (2);

-- Inserindo Bebidas
INSERT INTO BEBIDAS (CODIGO) VALUES (3);

-- Inserindo Itens de Comida
INSERT INTO COMIDA_ITENS (COD_COMIDA, COD_ITEM, QUANTIDADE) VALUES (1, 1, 2);
INSERT INTO COMIDA_ITENS (COD_COMIDA, COD_ITEM, QUANTIDADE) VALUES (2, 2, 2);
INSERT INTO COMIDA_ITENS (COD_COMIDA, COD_ITEM, QUANTIDADE) VALUES (2, 3, 1);

-- Inserindo Itens de Bebida
INSERT INTO BEBIDA_ITENS (COD_BEBIDA, COD_ITEM, QUANTIDADE) VALUES (3, 4, 1);
INSERT INTO BEBIDA_ITENS (COD_BEBIDA, COD_ITEM, QUANTIDADE) VALUES (3, 5, 1);
INSERT INTO BEBIDA_ITENS (COD_BEBIDA, COD_ITEM, QUANTIDADE) VALUES (3, 6, 1);

COMMIT;
